{"cameraMode":{"drawMode":0,"name":"Shaded","section":"Shading Mode"},"sceneLighting":true,"audioPlay":false,"sceneViewState":{"m_AlwaysRefresh":false,"showFog":true,"showSkybox":true,"showFlares":true,"showImageEffects":true,"showParticleSystems":true,"showVisualEffectGraphs":true,"m_FxEnabled":true},"in2DMode":false,"pivot":{"x":89.25833892822266,"y":33.886470794677737,"z":125.22869110107422},"rotation":{"x":0.03933550789952278,"y":-0.9603467583656311,"z":0.1813068389892578,"w":0.20831631124019624},"size":795.4168701171875,"orthographic":false}